{
    "deflation_recession": {
        "stock_pct": 10,
        "bond_pct": 90,
        "avg_return": 0.38385714285714273,
        "volatility": 1.6312521893800302,
        "risk_adjusted_score": 0.23531440776366438,
        "confidence": "low_confidence_small_sample"
    },
    "deflation_tightening": {
        "stock_pct": 20,
        "bond_pct": 80,
        "avg_return": 0.5266666666666665,
        "volatility": 1.1669082035685392,
        "risk_adjusted_score": 0.4513351307806899,
        "confidence": "low_confidence_small_sample"
    },
    "goldilocks_bull": {
        "stock_pct": 100,
        "bond_pct": 0,
        "avg_return": 0.11584905660377358,
        "volatility": 0.776346061719366,
        "risk_adjusted_score": 0.14922347431917643,
        "confidence": "high"
    },
    "high_inflation_stable": {
        "stock_pct": 0,
        "bond_pct": 100,
        "avg_return": -0.09833333333333333,
        "volatility": 1.2807427857822717,
        "risk_adjusted_score": -0.07677836207624764,
        "confidence": "low_confidence_small_sample"
    },
    "hyper_inflation_tightening": {
        "stock_pct": 20,
        "bond_pct": 80,
        "avg_return": -0.5150833333333333,
        "volatility": 2.3991388192587095,
        "risk_adjusted_score": -0.21469509358882566,
        "confidence": "high"
    },
    "reflation_base": {
        "stock_pct": 0,
        "bond_pct": 100,
        "avg_return": 0.5995833333333332,
        "volatility": 1.880305652606039,
        "risk_adjusted_score": 0.31887546181778015,
        "confidence": "high"
    },
    "stable_growth_easing": {
        "stock_pct": 40,
        "bond_pct": 60,
        "avg_return": 0.41869999999999996,
        "volatility": 1.3558990401732935,
        "risk_adjusted_score": 0.3087988025616473,
        "confidence": "high"
    },
    "stable_growth_tightening": {
        "stock_pct": 60,
        "bond_pct": 40,
        "avg_return": -0.0017272727272726683,
        "volatility": 0.7904572358164873,
        "risk_adjusted_score": -0.0021851564499735594,
        "confidence": "high"
    },
    "high_inflation_panic_cut": {
        "stock_pct": 30,
        "bond_pct": 70,
        "avg_return": 0.0,
        "volatility": 0.0,
        "risk_adjusted_score": 0.0,
        "confidence": "low_no_historical_data"
    }
}