{
    "deflation_recession": {
        "stock_pct": 20,
        "bond_pct": 80,
        "avg_return": 0.3419999999999998,
        "volatility": 1.453505851126599,
        "risk_adjusted_score": 0.2352931704643079,
        "confidence": "low_confidence_small_sample"
    },
    "deflation_tightening": {
        "stock_pct": 20,
        "bond_pct": 80,
        "avg_return": 0.5266666666666665,
        "volatility": 1.1669082035685392,
        "risk_adjusted_score": 0.4513351307806899,
        "confidence": "low_confidence_small_sample"
    },
    "goldilocks_bull": {
        "stock_pct": 80,
        "bond_pct": 20,
        "avg_return": 0.07850314465408809,
        "volatility": 0.7192018171064622,
        "risk_adjusted_score": 0.10915315115571711,
        "confidence": "high"
    },
    "high_inflation_stable": {
        "stock_pct": 20,
        "bond_pct": 80,
        "avg_return": -0.13022222222222224,
        "volatility": 1.1118802893197535,
        "risk_adjusted_score": -0.11711892320880334,
        "confidence": "low_confidence_small_sample"
    },
    "hyper_inflation_tightening": {
        "stock_pct": 20,
        "bond_pct": 80,
        "avg_return": -0.5150833333333333,
        "volatility": 2.3991388192587095,
        "risk_adjusted_score": -0.21469509358882566,
        "confidence": "high"
    },
    "reflation_base": {
        "stock_pct": 30,
        "bond_pct": 70,
        "avg_return": 0.3901698717948717,
        "volatility": 1.269412540744902,
        "risk_adjusted_score": 0.30736254706127036,
        "confidence": "high"
    },
    "stable_growth_easing": {
        "stock_pct": 50,
        "bond_pct": 50,
        "avg_return": 0.3680277777777778,
        "volatility": 1.2153719512264725,
        "risk_adjusted_score": 0.3028108205116867,
        "confidence": "high"
    },
    "stable_growth_tightening": {
        "stock_pct": 60,
        "bond_pct": 40,
        "avg_return": -0.0017272727272726683,
        "volatility": 0.7904572358164873,
        "risk_adjusted_score": -0.0021851564499735594,
        "confidence": "high"
    },
    "high_inflation_panic_cut": {
        "stock_pct": 30,
        "bond_pct": 70,
        "avg_return": 0.0,
        "volatility": 0.0,
        "risk_adjusted_score": 0.0,
        "confidence": "low_no_historical_data"
    }
}